timestamp,batch_start,batch_end,return_code,runtime_seconds,runtime_minutes,status
2026-07-01T22:19:10,1,10000000000,0,185.821,3.097025,NORMAL
2026-07-01T22:22:33,90000000001,100000000000,0,202.777,3.379611,NORMAL
2026-07-01T22:25:55,180000000001,190000000000,0,202.850,3.380837,NORMAL
2026-07-01T22:28:55,300000000001,310000000000,0,179.460,2.991003,NORMAL
2026-07-01T22:31:49,490000000001,500000000000,0,174.153,2.902545,NORMAL
2026-07-01T22:34:59,600000000001,610000000000,0,189.420,3.157004,NORMAL
2026-07-01T22:38:07,750000000001,760000000000,0,188.300,3.138333,NORMAL
2026-07-01T22:41:12,850000000001,860000000000,0,184.908,3.081801,NORMAL
2026-07-01T22:44:13,900000000001,910000000000,0,181.247,3.020777,NORMAL
2026-07-01T22:47:13,990000000001,1000000000000,0,180.362,3.006029,NORMAL
